Actual Genre,Predicted Genre
dubstep,dubstep
dubstep,dubstep
sad,sad
sad,sad
dubstep,dubstep
sad,sad
dubstep,dubstep
sad,sad
dubstep,dubstep
sad,sad
dubstep,dubstep
dubstep,dubstep
sad,sad
dubstep,dubstep
sad,sad
dubstep,dubstep
dubstep,dubstep
dubstep,dubstep
sad,sad
sad,sad
sad,sad
dubstep,dubstep
sad,sad
dubstep,dubstep
sad,sad
dubstep,dubstep
sad,sad
sad,sad
sad,sad
dubstep,dubstep
dubstep,dubstep
sad,sad
dubstep,dubstep
sad,sad
dubstep,dubstep
sad,sad
dubstep,dubstep
dubstep,dubstep
dubstep,dubstep
dubstep,dubstep
sad,dubstep
dubstep,dubstep
sad,sad
sad,sad
dubstep,dubstep
sad,sad
sad,sad
sad,sad
dubstep,dubstep
sad,sad
sad,sad
sad,sad
sad,sad
sad,sad
dubstep,dubstep
dubstep,dubstep
sad,sad
sad,sad
sad,sad
sad,sad
dubstep,dubstep
dubstep,dubstep
sad,sad
sad,sad
sad,sad
sad,sad
dubstep,dubstep
dubstep,dubstep
sad,sad
dubstep,dubstep
dubstep,dubstep
dubstep,dubstep
sad,sad
dubstep,dubstep
dubstep,dubstep
dubstep,dubstep
sad,sad
dubstep,dubstep
dubstep,dubstep
sad,sad
dubstep,dubstep
sad,sad
sad,sad
sad,sad
sad,sad
dubstep,dubstep
sad,sad
sad,sad
dubstep,dubstep
dubstep,dubstep
sad,sad
dubstep,dubstep
sad,sad
dubstep,dubstep
sad,sad
dubstep,dubstep
sad,sad
sad,sad
sad,sad
dubstep,dubstep
sad,sad
sad,sad
sad,sad
sad,sad
sad,sad
sad,sad
sad,sad
sad,sad
dubstep,dubstep
dubstep,dubstep
dubstep,dubstep
dubstep,dubstep
dubstep,dubstep
sad,sad
sad,sad
dubstep,dubstep
sad,sad
dubstep,dubstep
sad,sad
sad,sad
sad,sad
sad,sad
dubstep,dubstep
sad,dubstep
sad,sad
dubstep,dubstep
sad,sad
sad,sad
sad,sad
sad,sad
dubstep,dubstep
dubstep,dubstep
sad,sad
dubstep,dubstep
sad,sad
dubstep,dubstep
sad,sad
dubstep,dubstep
dubstep,dubstep
sad,sad
sad,sad
dubstep,dubstep
sad,sad
sad,sad
sad,sad
sad,sad
sad,sad
sad,sad
sad,dubstep
sad,sad
sad,sad
sad,sad
dubstep,dubstep
sad,sad
sad,sad
sad,sad
sad,sad
sad,sad
sad,sad
sad,sad
sad,sad
sad,sad
sad,sad
sad,sad
dubstep,dubstep
sad,sad
dubstep,dubstep
sad,sad
dubstep,dubstep
sad,sad
sad,sad
sad,sad
sad,sad
sad,sad
sad,sad
dubstep,dubstep
dubstep,dubstep
dubstep,dubstep
sad,sad
sad,sad
dubstep,dubstep
sad,sad
dubstep,dubstep
sad,sad
dubstep,dubstep
sad,sad
sad,sad
dubstep,dubstep
dubstep,dubstep
sad,sad
dubstep,dubstep
sad,sad
dubstep,dubstep
sad,sad
sad,sad
sad,sad
dubstep,dubstep
sad,sad
sad,sad
sad,sad
dubstep,dubstep
sad,sad
dubstep,dubstep
dubstep,dubstep
dubstep,dubstep
dubstep,dubstep
dubstep,dubstep
sad,sad
sad,sad
dubstep,dubstep
dubstep,dubstep
sad,sad
sad,sad
dubstep,dubstep
sad,sad
sad,sad
sad,sad
dubstep,dubstep
dubstep,dubstep
dubstep,dubstep
sad,sad
sad,sad
dubstep,dubstep
dubstep,dubstep
dubstep,dubstep
sad,sad
dubstep,dubstep
sad,sad
sad,sad
sad,sad
dubstep,dubstep
sad,sad
dubstep,dubstep
dubstep,dubstep
sad,sad
dubstep,dubstep
dubstep,dubstep
sad,sad
sad,sad
sad,sad
dubstep,dubstep
sad,sad
sad,sad
sad,sad
dubstep,dubstep
sad,sad
dubstep,dubstep
sad,sad
sad,sad
sad,sad
dubstep,dubstep
sad,sad
sad,sad
sad,sad
dubstep,dubstep
dubstep,dubstep
dubstep,dubstep
sad,sad
sad,sad
sad,sad
sad,sad
sad,sad
sad,sad
dubstep,dubstep
dubstep,dubstep
dubstep,dubstep
dubstep,dubstep
dubstep,dubstep
sad,sad
dubstep,dubstep
sad,sad
dubstep,dubstep
sad,sad
sad,sad
sad,sad
dubstep,dubstep
dubstep,dubstep
sad,sad
sad,sad
sad,sad
dubstep,dubstep
sad,sad
sad,sad
sad,sad
sad,sad
dubstep,dubstep
sad,sad
sad,sad
sad,sad
dubstep,dubstep
sad,sad
sad,sad
dubstep,dubstep
dubstep,sad
sad,sad
dubstep,dubstep
dubstep,dubstep
sad,sad
sad,sad
sad,sad
sad,sad
sad,sad
sad,sad
dubstep,dubstep
dubstep,dubstep
dubstep,dubstep
dubstep,dubstep
sad,sad
dubstep,dubstep
dubstep,dubstep
dubstep,dubstep
sad,sad
dubstep,dubstep
sad,sad
sad,sad
sad,sad
sad,sad
sad,sad
dubstep,dubstep
sad,sad
dubstep,dubstep
sad,sad
dubstep,dubstep
dubstep,dubstep
sad,sad
sad,sad
sad,sad
dubstep,dubstep
dubstep,dubstep
sad,sad
sad,dubstep
dubstep,dubstep
sad,sad
sad,sad
dubstep,dubstep
dubstep,dubstep
dubstep,dubstep
sad,sad
sad,sad
sad,sad
sad,sad
sad,sad
sad,sad
dubstep,dubstep
sad,sad
sad,sad
sad,sad
sad,sad
dubstep,dubstep
dubstep,dubstep
dubstep,dubstep
dubstep,sad
sad,sad
sad,sad
sad,sad
dubstep,dubstep
sad,sad
sad,sad
dubstep,dubstep
sad,sad
sad,sad
dubstep,dubstep
sad,sad
sad,sad
dubstep,dubstep
dubstep,dubstep
dubstep,dubstep
sad,sad
sad,sad
dubstep,dubstep
sad,sad
sad,sad
dubstep,dubstep
sad,sad
dubstep,dubstep
sad,sad
sad,sad
dubstep,dubstep
dubstep,dubstep
sad,sad
sad,sad
dubstep,dubstep
dubstep,dubstep
dubstep,dubstep
sad,sad
sad,sad
sad,sad
dubstep,dubstep
dubstep,dubstep
dubstep,dubstep
sad,sad
dubstep,dubstep
sad,sad
sad,sad
sad,sad
dubstep,dubstep
sad,sad
sad,sad
sad,sad
sad,sad
dubstep,dubstep
dubstep,dubstep
sad,sad
dubstep,dubstep
dubstep,dubstep
dubstep,dubstep
dubstep,dubstep
sad,sad
dubstep,dubstep
sad,sad
sad,sad
dubstep,dubstep
sad,sad
sad,sad
sad,sad
dubstep,dubstep
dubstep,dubstep
dubstep,dubstep
sad,dubstep
dubstep,dubstep
sad,sad
dubstep,dubstep
sad,sad
dubstep,dubstep
dubstep,dubstep
dubstep,dubstep
dubstep,dubstep
sad,sad
dubstep,dubstep
sad,sad
sad,sad
sad,sad
sad,sad
sad,sad
sad,sad
sad,sad
sad,sad
dubstep,dubstep
dubstep,dubstep
dubstep,dubstep
dubstep,dubstep
dubstep,dubstep
dubstep,dubstep
sad,sad
dubstep,dubstep
sad,sad
sad,sad
sad,sad
sad,sad
sad,sad
sad,sad
dubstep,dubstep
dubstep,dubstep
dubstep,dubstep
sad,sad
dubstep,dubstep
sad,sad
sad,sad
sad,sad
sad,sad
dubstep,dubstep
sad,sad
dubstep,dubstep
sad,sad
sad,sad
dubstep,dubstep
dubstep,sad
dubstep,dubstep
sad,sad
sad,sad
dubstep,dubstep
sad,sad
sad,sad
sad,sad
dubstep,dubstep
sad,sad
dubstep,dubstep
dubstep,dubstep
sad,sad
dubstep,dubstep
sad,sad
sad,sad
dubstep,dubstep
dubstep,dubstep
dubstep,dubstep
dubstep,dubstep
dubstep,dubstep
sad,sad
sad,sad
dubstep,dubstep
dubstep,dubstep
sad,sad
sad,sad
sad,sad
sad,sad
sad,sad
dubstep,dubstep
dubstep,dubstep
dubstep,dubstep
sad,sad
sad,sad
sad,sad
dubstep,dubstep
dubstep,dubstep
dubstep,dubstep
sad,sad
dubstep,dubstep
sad,sad
dubstep,dubstep
dubstep,dubstep
dubstep,dubstep
sad,sad
sad,sad
sad,sad
dubstep,dubstep
dubstep,dubstep
sad,sad
dubstep,dubstep
sad,sad
sad,sad
dubstep,dubstep
sad,sad
dubstep,dubstep
sad,sad
sad,sad
sad,sad
sad,sad
sad,sad
sad,sad
sad,sad
sad,sad
sad,sad
sad,sad
dubstep,dubstep
dubstep,dubstep
dubstep,dubstep
sad,sad
sad,sad
sad,sad
sad,sad
sad,sad
dubstep,dubstep
dubstep,dubstep
sad,sad
sad,sad
sad,sad
sad,sad
dubstep,dubstep
sad,sad
dubstep,dubstep
dubstep,dubstep
sad,sad
dubstep,dubstep
sad,sad
sad,sad
dubstep,dubstep
sad,sad
sad,sad
sad,sad
dubstep,dubstep
dubstep,dubstep
sad,sad
sad,sad
dubstep,dubstep
dubstep,dubstep
sad,sad
dubstep,dubstep
dubstep,dubstep
dubstep,dubstep
dubstep,dubstep
dubstep,dubstep
sad,sad
sad,sad
dubstep,sad
dubstep,dubstep
sad,dubstep
sad,sad
sad,sad
sad,sad
dubstep,dubstep
dubstep,dubstep
sad,sad
sad,sad
dubstep,dubstep
dubstep,dubstep
sad,sad
dubstep,dubstep
dubstep,dubstep
sad,sad
dubstep,dubstep
sad,sad
dubstep,dubstep
sad,sad
sad,sad
sad,sad
sad,sad
sad,sad
dubstep,dubstep
dubstep,dubstep
sad,sad
sad,sad
sad,sad
dubstep,dubstep
dubstep,dubstep
dubstep,dubstep
sad,sad
dubstep,dubstep
sad,sad
dubstep,dubstep
dubstep,dubstep
dubstep,dubstep
sad,sad
sad,sad
sad,sad
dubstep,dubstep
sad,sad
dubstep,dubstep
dubstep,dubstep
dubstep,dubstep
dubstep,dubstep
dubstep,dubstep
dubstep,dubstep
sad,sad
sad,sad
dubstep,dubstep
sad,sad
sad,sad
sad,sad
sad,sad
dubstep,dubstep
dubstep,dubstep
sad,sad
sad,sad
sad,sad
sad,sad
dubstep,dubstep
sad,sad
sad,sad
dubstep,dubstep
dubstep,dubstep
sad,sad
dubstep,dubstep
sad,dubstep
sad,sad
sad,sad
sad,sad
sad,sad
dubstep,dubstep
dubstep,dubstep
sad,sad
sad,sad
dubstep,dubstep
sad,sad
sad,sad
dubstep,dubstep
dubstep,dubstep
sad,sad
sad,sad
dubstep,dubstep
sad,sad
dubstep,dubstep
sad,sad
sad,sad
dubstep,dubstep
sad,sad
dubstep,dubstep
sad,sad
dubstep,dubstep
sad,sad
dubstep,dubstep
sad,sad
sad,sad
dubstep,dubstep
sad,sad
sad,sad
dubstep,dubstep
dubstep,dubstep
dubstep,dubstep
dubstep,dubstep
dubstep,dubstep
sad,sad
dubstep,sad
sad,sad
sad,dubstep
sad,sad
sad,sad
dubstep,dubstep
dubstep,dubstep
sad,sad
sad,sad
dubstep,dubstep
dubstep,dubstep
sad,sad
sad,sad
sad,sad
sad,sad
sad,sad
dubstep,dubstep
sad,sad
dubstep,dubstep
sad,sad
dubstep,dubstep
sad,sad
dubstep,dubstep
dubstep,dubstep
sad,sad
sad,sad
dubstep,sad
dubstep,dubstep
dubstep,dubstep
dubstep,dubstep
sad,sad
sad,sad
dubstep,dubstep
sad,sad
dubstep,dubstep
sad,sad
dubstep,dubstep
sad,sad
sad,sad
sad,sad
sad,sad
dubstep,dubstep
dubstep,dubstep
sad,sad
sad,sad
sad,sad
dubstep,dubstep
sad,sad
sad,sad
sad,sad
dubstep,dubstep
sad,sad
dubstep,dubstep
sad,sad
sad,sad
dubstep,dubstep
sad,sad
sad,sad
sad,sad
dubstep,dubstep
dubstep,dubstep
sad,sad
sad,sad
sad,sad
dubstep,dubstep
dubstep,dubstep
dubstep,dubstep
dubstep,dubstep
sad,sad
sad,sad
sad,sad
sad,sad
sad,sad
dubstep,dubstep
dubstep,dubstep
sad,sad
dubstep,dubstep
dubstep,dubstep
dubstep,dubstep
sad,sad
dubstep,dubstep
sad,sad
sad,sad
sad,sad
sad,sad
sad,sad
dubstep,dubstep
dubstep,dubstep
sad,sad
dubstep,dubstep
sad,sad
sad,sad
sad,sad
sad,sad
dubstep,dubstep
sad,sad
dubstep,dubstep
dubstep,dubstep
dubstep,dubstep
sad,sad
sad,sad
sad,sad
dubstep,sad
sad,sad
dubstep,sad
sad,sad
sad,sad
sad,sad
sad,sad
sad,sad
dubstep,dubstep
sad,sad
sad,sad
sad,sad
sad,dubstep
dubstep,dubstep
sad,sad
sad,sad
sad,sad
dubstep,dubstep
sad,sad
dubstep,dubstep
dubstep,dubstep
sad,sad
dubstep,dubstep
sad,sad
dubstep,dubstep
dubstep,dubstep
dubstep,dubstep
dubstep,sad
dubstep,dubstep
dubstep,dubstep
sad,sad
sad,sad
sad,sad
sad,sad
dubstep,dubstep
sad,sad
sad,sad
sad,sad
sad,sad
dubstep,dubstep
dubstep,dubstep
dubstep,dubstep
sad,sad
sad,sad
dubstep,dubstep
dubstep,dubstep
dubstep,dubstep
sad,sad
sad,sad
sad,sad
dubstep,dubstep
dubstep,dubstep
sad,sad
dubstep,dubstep
dubstep,dubstep
sad,sad
sad,dubstep
sad,sad
dubstep,dubstep
sad,sad
sad,sad
dubstep,dubstep
sad,sad
sad,sad
dubstep,dubstep
dubstep,dubstep
dubstep,dubstep
sad,sad
dubstep,dubstep
sad,sad
dubstep,dubstep
sad,sad
sad,sad
dubstep,dubstep
sad,sad
sad,sad
dubstep,dubstep
dubstep,dubstep
dubstep,dubstep
dubstep,dubstep
sad,sad
sad,sad
dubstep,dubstep
sad,sad
dubstep,dubstep
dubstep,dubstep
sad,sad
sad,sad
sad,sad
dubstep,dubstep
sad,sad
dubstep,dubstep
dubstep,dubstep
dubstep,dubstep
sad,sad
dubstep,dubstep
sad,sad
sad,sad
sad,sad
dubstep,dubstep
dubstep,dubstep
dubstep,dubstep
dubstep,dubstep
dubstep,dubstep
dubstep,dubstep
sad,sad
sad,sad
sad,sad
sad,sad
sad,sad
sad,sad
dubstep,dubstep
sad,sad
dubstep,dubstep
dubstep,dubstep
sad,sad
dubstep,dubstep
sad,sad
dubstep,dubstep
sad,sad
sad,sad
dubstep,dubstep
dubstep,dubstep
sad,sad
dubstep,dubstep
dubstep,dubstep
sad,sad
sad,sad
sad,sad
sad,sad
sad,sad
sad,dubstep
sad,sad
dubstep,dubstep
sad,sad
sad,sad
dubstep,dubstep
dubstep,dubstep
dubstep,dubstep
sad,sad
sad,sad
sad,sad
dubstep,dubstep
sad,sad
dubstep,dubstep
sad,sad
sad,sad
dubstep,dubstep
dubstep,dubstep
sad,sad
dubstep,dubstep
dubstep,dubstep
sad,sad
sad,sad
dubstep,dubstep
dubstep,dubstep
sad,sad
dubstep,dubstep
dubstep,dubstep
dubstep,dubstep
sad,sad
sad,sad
dubstep,dubstep
dubstep,dubstep
dubstep,dubstep
dubstep,dubstep
sad,sad
dubstep,dubstep
dubstep,dubstep
sad,sad
sad,sad
sad,sad
sad,sad
dubstep,dubstep
sad,sad
sad,sad
sad,sad
dubstep,dubstep
sad,sad
dubstep,dubstep
sad,sad
sad,sad
sad,sad
sad,sad
sad,sad
sad,sad
sad,sad
dubstep,dubstep
sad,sad
sad,sad
dubstep,dubstep
dubstep,dubstep
sad,sad
sad,sad
dubstep,dubstep
sad,sad
dubstep,dubstep
sad,dubstep
sad,sad
sad,sad
sad,sad
sad,sad
dubstep,dubstep
sad,sad
dubstep,dubstep
dubstep,dubstep
sad,sad
dubstep,sad
dubstep,dubstep
dubstep,dubstep
dubstep,dubstep
sad,sad
dubstep,sad
dubstep,dubstep
sad,sad
sad,sad
sad,sad
dubstep,dubstep
dubstep,dubstep
dubstep,dubstep
sad,sad
dubstep,dubstep
dubstep,dubstep
sad,sad
sad,sad
sad,sad
dubstep,dubstep
sad,dubstep
sad,sad
sad,sad
sad,sad
dubstep,dubstep
sad,sad
dubstep,dubstep
sad,sad
sad,sad
dubstep,dubstep
dubstep,dubstep
sad,sad
sad,sad
sad,sad
sad,sad
sad,sad
sad,sad
sad,sad
sad,sad
sad,sad
dubstep,dubstep
sad,sad
sad,sad
sad,sad
sad,sad
sad,sad
sad,sad
sad,sad
sad,sad
sad,sad
dubstep,dubstep
dubstep,dubstep
dubstep,dubstep
sad,sad
sad,sad
dubstep,dubstep
dubstep,dubstep
sad,sad
dubstep,dubstep
sad,sad
dubstep,dubstep
sad,sad
sad,sad
sad,sad
sad,sad
dubstep,sad
sad,sad
sad,sad
sad,sad
sad,sad
sad,sad
sad,sad
dubstep,dubstep
sad,sad
dubstep,dubstep
dubstep,dubstep
sad,dubstep
dubstep,dubstep
dubstep,dubstep
sad,sad
sad,sad
sad,sad
sad,sad
sad,sad
sad,sad
sad,sad
dubstep,dubstep
sad,sad
sad,sad
dubstep,dubstep
sad,sad
sad,sad
sad,sad
sad,sad
sad,sad
sad,sad
dubstep,dubstep
dubstep,dubstep
dubstep,dubstep
dubstep,dubstep
dubstep,dubstep
sad,sad
sad,sad
dubstep,dubstep
sad,sad
dubstep,dubstep
sad,sad
sad,sad
dubstep,dubstep
sad,sad
sad,sad
sad,sad
sad,sad
sad,sad
dubstep,sad
dubstep,dubstep
dubstep,dubstep
sad,sad
sad,sad
sad,sad
dubstep,dubstep
sad,sad
sad,sad
sad,sad
sad,sad
dubstep,dubstep
dubstep,dubstep
sad,sad
dubstep,dubstep
sad,sad
dubstep,dubstep
dubstep,dubstep
dubstep,dubstep
sad,sad
dubstep,dubstep
dubstep,sad
dubstep,dubstep
sad,sad
dubstep,dubstep
dubstep,dubstep
sad,sad
sad,dubstep
dubstep,dubstep
sad,sad
dubstep,dubstep
dubstep,dubstep
sad,sad
dubstep,dubstep
dubstep,dubstep
sad,sad
dubstep,dubstep
sad,sad
dubstep,dubstep
dubstep,dubstep
sad,sad
dubstep,dubstep
sad,sad
sad,sad
sad,sad
sad,sad
sad,sad
sad,sad
sad,sad
dubstep,sad
dubstep,dubstep
dubstep,dubstep
sad,sad
dubstep,dubstep
sad,sad
sad,sad
sad,sad
sad,sad
dubstep,dubstep
dubstep,dubstep
dubstep,dubstep
dubstep,dubstep
sad,sad
sad,sad
sad,sad
dubstep,dubstep
dubstep,dubstep
sad,sad
sad,sad
sad,sad
sad,sad
dubstep,dubstep
dubstep,dubstep
sad,sad
sad,sad
sad,sad
dubstep,dubstep
sad,sad
sad,sad
sad,sad
sad,sad
dubstep,dubstep
sad,sad
sad,sad
sad,sad
dubstep,dubstep
sad,sad
sad,sad
dubstep,dubstep
sad,sad
dubstep,dubstep
sad,sad
sad,sad
sad,sad
dubstep,dubstep
sad,sad
dubstep,dubstep
dubstep,dubstep
dubstep,dubstep
dubstep,dubstep
sad,sad
dubstep,dubstep
sad,sad
dubstep,dubstep
sad,sad
sad,sad
sad,sad
dubstep,dubstep
sad,sad
dubstep,dubstep
sad,sad
sad,sad
sad,sad
dubstep,dubstep
dubstep,dubstep
dubstep,dubstep
sad,sad
sad,sad
dubstep,dubstep
sad,sad
sad,sad
sad,sad
dubstep,dubstep
sad,sad
dubstep,dubstep
sad,sad
dubstep,dubstep
dubstep,dubstep
sad,sad
sad,sad
dubstep,dubstep
sad,sad
dubstep,dubstep
sad,sad
sad,sad
sad,sad
sad,sad
sad,sad
dubstep,dubstep
sad,sad
sad,sad
dubstep,dubstep
sad,sad
dubstep,dubstep
dubstep,dubstep
dubstep,dubstep
sad,sad
sad,sad
dubstep,dubstep
sad,sad
sad,sad
sad,sad
dubstep,dubstep
sad,sad
sad,sad
dubstep,dubstep
dubstep,dubstep
sad,sad
sad,sad
sad,sad
dubstep,dubstep
dubstep,dubstep
sad,sad
sad,sad
sad,sad
sad,sad
sad,sad
sad,sad
sad,sad
dubstep,dubstep
sad,sad
dubstep,dubstep
sad,sad
dubstep,dubstep
dubstep,dubstep
dubstep,dubstep
dubstep,dubstep
dubstep,dubstep
sad,sad
dubstep,dubstep
sad,sad
dubstep,dubstep
sad,sad
dubstep,dubstep
dubstep,dubstep
sad,sad
dubstep,dubstep
dubstep,dubstep
sad,sad
sad,sad
sad,sad
dubstep,dubstep
dubstep,dubstep
sad,sad
dubstep,dubstep
sad,sad
dubstep,dubstep
sad,sad
dubstep,dubstep
sad,sad
dubstep,dubstep
sad,sad
dubstep,dubstep
dubstep,dubstep
sad,sad
dubstep,dubstep
dubstep,dubstep
sad,sad
dubstep,dubstep
dubstep,dubstep
dubstep,dubstep
sad,sad
sad,sad
dubstep,dubstep
dubstep,dubstep
dubstep,dubstep
dubstep,dubstep
sad,sad
dubstep,dubstep
sad,sad
sad,sad
dubstep,dubstep
sad,sad
sad,sad
sad,sad
sad,sad
sad,sad
sad,sad
sad,sad
sad,sad
dubstep,dubstep
sad,sad
sad,sad
sad,sad
sad,sad
dubstep,dubstep
dubstep,dubstep
dubstep,dubstep
sad,sad
sad,sad
sad,sad
sad,sad
dubstep,dubstep
dubstep,dubstep
dubstep,dubstep
sad,sad
dubstep,dubstep
sad,sad
sad,sad
sad,sad
dubstep,dubstep
sad,sad
dubstep,dubstep
sad,sad
sad,sad
sad,sad
sad,sad
dubstep,dubstep
sad,sad
dubstep,dubstep
dubstep,dubstep
dubstep,dubstep
sad,sad
dubstep,dubstep
dubstep,dubstep
sad,sad
dubstep,dubstep
sad,sad
sad,sad
sad,sad
sad,sad
sad,sad
sad,sad
sad,dubstep
dubstep,dubstep
sad,sad
sad,sad
dubstep,dubstep
dubstep,dubstep
dubstep,dubstep
sad,sad
sad,sad
sad,sad
dubstep,dubstep
sad,sad
sad,sad
dubstep,dubstep
dubstep,dubstep
dubstep,dubstep
dubstep,dubstep
sad,sad
dubstep,dubstep
dubstep,dubstep
dubstep,dubstep
sad,sad
dubstep,dubstep
sad,sad
dubstep,dubstep
sad,sad
sad,sad
dubstep,dubstep
dubstep,dubstep
sad,sad
sad,sad
dubstep,dubstep
dubstep,dubstep
sad,sad
dubstep,dubstep
sad,sad
sad,sad
dubstep,dubstep
dubstep,dubstep
dubstep,dubstep
sad,sad
dubstep,dubstep
sad,sad
dubstep,dubstep
sad,sad
sad,sad
dubstep,dubstep
sad,sad
sad,sad
dubstep,dubstep
dubstep,dubstep
sad,sad
dubstep,dubstep
dubstep,dubstep
dubstep,dubstep
dubstep,dubstep
dubstep,dubstep
sad,sad
sad,sad
sad,sad
sad,sad
dubstep,dubstep
dubstep,dubstep
sad,sad
dubstep,dubstep
sad,sad
dubstep,dubstep
sad,sad
dubstep,dubstep
dubstep,dubstep
sad,sad
sad,sad
dubstep,dubstep
dubstep,dubstep
dubstep,dubstep
dubstep,dubstep
dubstep,dubstep
dubstep,dubstep
sad,sad
dubstep,dubstep
sad,sad
sad,sad
sad,sad
dubstep,dubstep
sad,sad
sad,sad
dubstep,dubstep
sad,sad
dubstep,dubstep
dubstep,dubstep
sad,sad
sad,sad
dubstep,dubstep
sad,sad
dubstep,dubstep
sad,sad
dubstep,dubstep
dubstep,dubstep
sad,sad
sad,sad
sad,sad
sad,sad
dubstep,dubstep
dubstep,dubstep
dubstep,dubstep
dubstep,dubstep
sad,sad
sad,sad
dubstep,dubstep
dubstep,dubstep
dubstep,dubstep
sad,sad
sad,sad
sad,sad
dubstep,dubstep
sad,sad
sad,sad
dubstep,dubstep
sad,sad
sad,sad
sad,sad
dubstep,dubstep
dubstep,dubstep
sad,sad
dubstep,dubstep
sad,sad
dubstep,sad
sad,sad
sad,sad
sad,sad
dubstep,dubstep
sad,sad
dubstep,dubstep
dubstep,dubstep
sad,sad
dubstep,dubstep
sad,sad
sad,sad
dubstep,dubstep
dubstep,dubstep
dubstep,dubstep
dubstep,dubstep
sad,sad
dubstep,dubstep
sad,sad
sad,sad
sad,sad
dubstep,dubstep
sad,sad
sad,dubstep
dubstep,dubstep
dubstep,dubstep
sad,sad
sad,sad
sad,sad
sad,sad
sad,sad
sad,sad
sad,sad
dubstep,dubstep
sad,sad
sad,sad
dubstep,dubstep
dubstep,dubstep
sad,sad
sad,dubstep
sad,sad
dubstep,dubstep
sad,sad
dubstep,dubstep
sad,dubstep
sad,sad
dubstep,dubstep
sad,sad
sad,sad
sad,sad
dubstep,dubstep
dubstep,dubstep
sad,sad
dubstep,dubstep
sad,sad
dubstep,dubstep
sad,sad
sad,sad
sad,sad
dubstep,dubstep
sad,sad
sad,sad
sad,sad
dubstep,dubstep
sad,sad
dubstep,dubstep
dubstep,dubstep
sad,sad
dubstep,dubstep
sad,sad
sad,sad
dubstep,dubstep
dubstep,dubstep
sad,sad
dubstep,dubstep
dubstep,dubstep
sad,sad
sad,sad
dubstep,dubstep
sad,sad
dubstep,dubstep
dubstep,dubstep
sad,sad
sad,sad
sad,sad
dubstep,dubstep
sad,sad
sad,sad
sad,sad
sad,sad
dubstep,dubstep
dubstep,dubstep
dubstep,dubstep
sad,sad
dubstep,dubstep
dubstep,dubstep
dubstep,dubstep
dubstep,dubstep
sad,sad
dubstep,dubstep
dubstep,dubstep
sad,sad
dubstep,dubstep
sad,sad
dubstep,dubstep
dubstep,dubstep
sad,sad
dubstep,dubstep
sad,sad
sad,sad
dubstep,dubstep
dubstep,dubstep
dubstep,dubstep
dubstep,dubstep
dubstep,dubstep
sad,sad
dubstep,dubstep
dubstep,dubstep
dubstep,sad
sad,sad
dubstep,dubstep
sad,sad
dubstep,dubstep
sad,sad
dubstep,dubstep
sad,sad
dubstep,dubstep
dubstep,dubstep
sad,sad
dubstep,sad
dubstep,dubstep
sad,sad
dubstep,dubstep
sad,sad
sad,sad
sad,sad
sad,sad
sad,sad
dubstep,dubstep
sad,sad
sad,sad
dubstep,dubstep
sad,sad
dubstep,dubstep
dubstep,dubstep
dubstep,dubstep
sad,sad
dubstep,dubstep
sad,sad
dubstep,dubstep
sad,sad
sad,sad
dubstep,dubstep
dubstep,dubstep
sad,sad
dubstep,dubstep
sad,sad
dubstep,dubstep
dubstep,dubstep
sad,sad
sad,sad
dubstep,dubstep
sad,sad
sad,sad
dubstep,dubstep
sad,sad
dubstep,dubstep
dubstep,dubstep
sad,sad
dubstep,dubstep
dubstep,dubstep
sad,sad
dubstep,dubstep
dubstep,dubstep
dubstep,dubstep
sad,sad
dubstep,dubstep
sad,sad
sad,sad
dubstep,dubstep
dubstep,dubstep
sad,sad
dubstep,dubstep
sad,sad
sad,sad
sad,sad
dubstep,dubstep
sad,sad
dubstep,sad
dubstep,dubstep
sad,sad
sad,sad
sad,sad
sad,sad
sad,sad
dubstep,dubstep
sad,sad
dubstep,dubstep
sad,sad
dubstep,dubstep
dubstep,dubstep
sad,sad
sad,sad
sad,sad
sad,sad
sad,sad
dubstep,dubstep
dubstep,dubstep
dubstep,dubstep
sad,sad
dubstep,dubstep
dubstep,dubstep
sad,sad
sad,sad
sad,sad
dubstep,dubstep
dubstep,dubstep
dubstep,dubstep
sad,sad
dubstep,dubstep
sad,sad
dubstep,dubstep
sad,sad
dubstep,sad
dubstep,dubstep
dubstep,dubstep
sad,sad
sad,sad
sad,sad
sad,sad
sad,sad
sad,sad
sad,sad
sad,sad
dubstep,sad
dubstep,dubstep
dubstep,dubstep
dubstep,dubstep
sad,sad
dubstep,dubstep
sad,sad
dubstep,dubstep
dubstep,dubstep
dubstep,dubstep
dubstep,dubstep
dubstep,dubstep
sad,sad
sad,sad
sad,sad
sad,sad
sad,sad
dubstep,dubstep
sad,sad
dubstep,dubstep
sad,sad
dubstep,dubstep
sad,sad
dubstep,sad
dubstep,dubstep
sad,sad
sad,sad
dubstep,dubstep
sad,sad
sad,sad
sad,sad
dubstep,dubstep
sad,sad
dubstep,dubstep
sad,sad
sad,sad
sad,sad
dubstep,dubstep
dubstep,dubstep
sad,sad
sad,sad
dubstep,dubstep
dubstep,dubstep
dubstep,dubstep
sad,sad
sad,sad
sad,sad
dubstep,dubstep
dubstep,dubstep
sad,sad
sad,sad
sad,sad
dubstep,dubstep
dubstep,dubstep
sad,sad
dubstep,dubstep
sad,sad
sad,sad
sad,sad
sad,sad
sad,sad
dubstep,dubstep
sad,sad
dubstep,dubstep
sad,sad
sad,sad
dubstep,dubstep
dubstep,dubstep
sad,sad
dubstep,dubstep
dubstep,dubstep
dubstep,dubstep
sad,sad
sad,sad
sad,sad
dubstep,dubstep
sad,sad
sad,sad
dubstep,dubstep
sad,sad
sad,sad
dubstep,dubstep
sad,sad
dubstep,dubstep
dubstep,dubstep
sad,sad
dubstep,dubstep
sad,sad
sad,sad
dubstep,dubstep
dubstep,dubstep
sad,sad
sad,sad
sad,sad
sad,sad
dubstep,dubstep
dubstep,dubstep
dubstep,dubstep
dubstep,dubstep
dubstep,dubstep
dubstep,dubstep
dubstep,dubstep
sad,sad
sad,sad
sad,sad
dubstep,dubstep
sad,sad
dubstep,dubstep
dubstep,sad
sad,sad
sad,sad
sad,sad
dubstep,dubstep
dubstep,dubstep
dubstep,dubstep
dubstep,dubstep
dubstep,dubstep
sad,sad
sad,sad
sad,sad
sad,sad
dubstep,dubstep
dubstep,dubstep
dubstep,dubstep
sad,sad
dubstep,dubstep
dubstep,dubstep
dubstep,dubstep
sad,sad
sad,sad
sad,sad
dubstep,dubstep
dubstep,dubstep
sad,sad
dubstep,dubstep
sad,sad
sad,sad
dubstep,dubstep
sad,sad
sad,sad
dubstep,dubstep
dubstep,dubstep
dubstep,dubstep
sad,sad
sad,sad
dubstep,dubstep
dubstep,dubstep
dubstep,dubstep
sad,sad
sad,sad
sad,sad
sad,sad
dubstep,dubstep
sad,sad
sad,sad
sad,sad
sad,sad
sad,sad
sad,sad
sad,sad
dubstep,dubstep
sad,sad
sad,sad
dubstep,dubstep
dubstep,sad
sad,sad
sad,sad
sad,sad
sad,sad
dubstep,dubstep
sad,sad
sad,sad
sad,sad
sad,sad
dubstep,dubstep
dubstep,dubstep
sad,sad
sad,sad
sad,sad
sad,sad
sad,sad
dubstep,dubstep
sad,sad
dubstep,dubstep
sad,sad
sad,sad
sad,sad
dubstep,dubstep
sad,sad
sad,sad
dubstep,dubstep
sad,sad
sad,sad
dubstep,dubstep
sad,sad
sad,sad
sad,sad
sad,sad
dubstep,dubstep
sad,sad
sad,sad
sad,sad
sad,sad
dubstep,dubstep
dubstep,dubstep
sad,sad
sad,sad
dubstep,dubstep
dubstep,dubstep
sad,sad
sad,sad
dubstep,dubstep
sad,sad
dubstep,dubstep
sad,sad
sad,sad
sad,sad
dubstep,dubstep
sad,sad
dubstep,dubstep
dubstep,dubstep
dubstep,dubstep
sad,sad
sad,sad
dubstep,dubstep
dubstep,dubstep
sad,sad
dubstep,dubstep
dubstep,dubstep
sad,sad
sad,sad
sad,sad
dubstep,dubstep
sad,sad
sad,sad
dubstep,dubstep
dubstep,dubstep
sad,sad
dubstep,dubstep
dubstep,dubstep
dubstep,dubstep
dubstep,dubstep
dubstep,dubstep
dubstep,dubstep
sad,sad
sad,sad
sad,sad
dubstep,dubstep
dubstep,dubstep
dubstep,dubstep
dubstep,dubstep
sad,sad
dubstep,dubstep
sad,sad
dubstep,dubstep
sad,sad
sad,sad
dubstep,dubstep
dubstep,dubstep
dubstep,dubstep
sad,sad
sad,sad
sad,sad
dubstep,dubstep
dubstep,dubstep
dubstep,dubstep
sad,sad
dubstep,dubstep
sad,sad
sad,sad
dubstep,dubstep
dubstep,dubstep
sad,sad
sad,sad
sad,sad
sad,sad
sad,sad
sad,sad
dubstep,dubstep
dubstep,dubstep
sad,sad
dubstep,dubstep
sad,sad
dubstep,dubstep
dubstep,dubstep
sad,sad
sad,sad
sad,sad
dubstep,dubstep
dubstep,dubstep
dubstep,dubstep
sad,sad
sad,sad
dubstep,dubstep
dubstep,dubstep
sad,sad
sad,sad
sad,sad
sad,sad
sad,sad
dubstep,dubstep
dubstep,dubstep
sad,sad
sad,sad
sad,sad
dubstep,dubstep
sad,sad
dubstep,dubstep
sad,sad
dubstep,dubstep
dubstep,dubstep
dubstep,dubstep
sad,sad
sad,sad
sad,sad
dubstep,dubstep
sad,sad
sad,sad
sad,sad
dubstep,dubstep
sad,sad
sad,sad
sad,sad
sad,sad
sad,sad
sad,sad
sad,sad
sad,sad
sad,sad
sad,sad
dubstep,dubstep
sad,sad
dubstep,dubstep
sad,sad
sad,sad
sad,sad
sad,sad
dubstep,dubstep
dubstep,dubstep
sad,sad
sad,sad
dubstep,dubstep
sad,sad
sad,sad
dubstep,dubstep
sad,sad
dubstep,dubstep
dubstep,dubstep
dubstep,dubstep
dubstep,dubstep
sad,sad
dubstep,dubstep
dubstep,dubstep
dubstep,dubstep
sad,sad
sad,sad
dubstep,dubstep
dubstep,dubstep
sad,sad
dubstep,dubstep
sad,sad
dubstep,dubstep
dubstep,dubstep
sad,sad
sad,sad
dubstep,dubstep
dubstep,dubstep
dubstep,dubstep
sad,sad
dubstep,dubstep
dubstep,dubstep
sad,sad
dubstep,sad
sad,sad
sad,sad
sad,sad
dubstep,dubstep
dubstep,dubstep
sad,sad
sad,sad
sad,sad
dubstep,dubstep
dubstep,dubstep
dubstep,dubstep
sad,sad
dubstep,dubstep
dubstep,dubstep
sad,sad
sad,sad
sad,sad
sad,sad
dubstep,dubstep
dubstep,dubstep
dubstep,dubstep
sad,sad
dubstep,dubstep
dubstep,dubstep
sad,sad
sad,sad
sad,sad
dubstep,dubstep
dubstep,dubstep
sad,sad
dubstep,dubstep
dubstep,dubstep
sad,sad
dubstep,dubstep
dubstep,dubstep
dubstep,dubstep
dubstep,dubstep
sad,sad
sad,sad
dubstep,sad
sad,sad
sad,sad
dubstep,sad
dubstep,dubstep
dubstep,dubstep
dubstep,dubstep
dubstep,dubstep
sad,sad
sad,sad
dubstep,dubstep
sad,sad
sad,sad
sad,sad
sad,sad
dubstep,dubstep
dubstep,dubstep
sad,dubstep
dubstep,dubstep
sad,sad
dubstep,dubstep
sad,sad
sad,sad
